{"fonts/Cookie-Regular.ttf":["fonts/Cookie-Regular.ttf"],"fonts/DoHyeon-Regular.ttf":["fonts/DoHyeon-Regular.ttf"],"fonts/Lobster-Regular.ttf":["fonts/Lobster-Regular.ttf"],"fonts/NanumGothic-Regular.ttf":["fonts/NanumGothic-Regular.ttf"],"fonts/NanumGothicCoding-Bold.ttf":["fonts/NanumGothicCoding-Bold.ttf"],"fonts/NanumGothicCoding-Regular.ttf":["fonts/NanumGothicCoding-Regular.ttf"],"fonts/NanumMyeongjo-Bold.ttf":["fonts/NanumMyeongjo-Bold.ttf"],"fonts/NanumMyeongjo-ExtraBold.ttf":["fonts/NanumMyeongjo-ExtraBold.ttf"],"fonts/NanumMyeongjo-Regular.ttf":["fonts/NanumMyeongjo-Regular.ttf"],"fonts/NotoSerifKR-Black.otf":["fonts/NotoSerifKR-Black.otf"],"fonts/NotoSerifKR-ExtraLight.otf":["fonts/NotoSerifKR-ExtraLight.otf"],"fonts/SongMyung-Regular.ttf":["fonts/SongMyung-Regular.ttf"],"images/appicon.png":["images/appicon.png"],"images/backgroundimage.jpg":["images/backgroundimage.jpg"],"images/beam.jpg":["images/beam.jpg"],"images/thetre.jpg":["images/thetre.jpg"],"packages/cupertino_icons/assets/CupertinoIcons.ttf":["packages/cupertino_icons/assets/CupertinoIcons.ttf"]}