[{"family":"MaterialIcons","fonts":[{"asset":"fonts/MaterialIcons-Regular.otf"}]},{"family":"DoHyeon","fonts":[{"asset":"fonts/DoHyeon-Regular.ttf"}]},{"family":"NanumGothicCoding","fonts":[{"asset":"fonts/NanumGothicCoding-Bold.ttf"},{"asset":"fonts/NanumGothicCoding-Regular.ttf"}]},{"family":"SongMyung","fonts":[{"asset":"fonts/SongMyung-Regular.ttf"}]},{"family":"NanumMyeongjo","fonts":[{"asset":"fonts/NanumMyeongjo-Regular.ttf"},{"asset":"fonts/NanumMyeongjo-ExtraBold.ttf"},{"asset":"fonts/NanumMyeongjo-Bold.ttf"}]},{"family":"NotoSerifKR","fonts":[{"asset":"fonts/NotoSerifKR-Black.otf"},{"asset":"fonts/NotoSerifKR-ExtraLight.otf"}]},{"family":"NanumGothic","fonts":[{"asset":"fonts/NanumGothic-Regular.ttf"}]},{"family":"Cookie","fonts":[{"asset":"fonts/Cookie-Regular.ttf"}]},{"family":"Lobster","fonts":[{"asset":"fonts/Lobster-Regular.ttf"}]},{"family":"packages/cupertino_icons/CupertinoIcons","fonts":[{"asset":"packages/cupertino_icons/assets/CupertinoIcons.ttf"}]}]